{"version":6,"validation":{"int8":{"confusion_matrix":[[163,5,3,3],[2,156,5,8],[6,1,150,4],[4,7,3,132]],"classification_report":{"0":{"precision":0.9314285714285714,"recall":0.9367816091954023,"f1-score":0.9340974212034384,"support":174},"1":{"precision":0.9230769230769231,"recall":0.9122807017543859,"f1-score":0.9176470588235294,"support":171},"2":{"precision":0.9316770186335404,"recall":0.9316770186335404,"f1-score":0.9316770186335404,"support":161},"3":{"precision":0.8979591836734694,"recall":0.9041095890410958,"f1-score":0.901023890784983,"support":146},"accuracy":0.9217791411042945,"macro avg":{"precision":0.921035424203126,"recall":0.921212229656106,"f1-score":0.9211113473613728,"support":652},"weighted avg":{"precision":0.921804855967871,"recall":0.9217791411042945,"f1-score":0.9217792736239714,"support":652}},"roc_auc":0.990880688911047,"loss":0.3533927016550426,"support":652,"weighted_average":{"precision":0.921804855967871,"recall":0.9217791411042945,"f1-score":0.9217792736239714},"class_names":["Black Rot","Black Scab","Cedar Rust","Healthy"]},"float32":{"confusion_matrix":[[163,6,2,3],[2,158,4,7],[6,2,147,6],[4,7,3,132]],"classification_report":{"0":{"precision":0.9314285714285714,"recall":0.9367816091954023,"f1-score":0.9340974212034384,"support":174},"1":{"precision":0.9132947976878613,"recall":0.9239766081871345,"f1-score":0.9186046511627907,"support":171},"2":{"precision":0.9423076923076923,"recall":0.9130434782608695,"f1-score":0.9274447949526814,"support":161},"3":{"precision":0.8918918918918919,"recall":0.9041095890410958,"f1-score":0.8979591836734694,"support":146},"accuracy":0.9202453987730062,"macro avg":{"precision":0.9197307383290043,"recall":0.9194778211711255,"f1-score":0.9195265127480949,"support":652},"weighted avg":{"precision":0.920505730845016,"recall":0.9202453987730062,"f1-score":0.9202990788986867,"support":652}},"roc_auc":0.9920371731664308,"loss":0.23847942614469353,"support":652,"weighted_average":{"precision":0.920505730845016,"recall":0.9202453987730062,"f1-score":0.9202990788986867},"class_names":["Black Rot","Black Scab","Cedar Rust","Healthy"]}},"test":{"int8":{"confusion_matrix":[[212,5,6,3],[5,204,7,11],[8,8,167,4],[3,5,2,165]],"classification_report":{"0":{"precision":0.9298245614035088,"recall":0.9380530973451328,"f1-score":0.933920704845815,"support":226},"1":{"precision":0.918918918918919,"recall":0.8986784140969163,"f1-score":0.9086859688195992,"support":227},"2":{"precision":0.9175824175824175,"recall":0.893048128342246,"f1-score":0.9051490514905149,"support":187},"3":{"precision":0.9016393442622951,"recall":0.9428571428571428,"f1-score":0.9217877094972066,"support":175},"accuracy":0.9177914110429448,"macro avg":{"precision":0.9169913105417851,"recall":0.9181591956603594,"f1-score":0.9173858586632838,"support":815},"weighted avg":{"precision":0.9179260647921488,"recall":0.9177914110429448,"f1-score":0.9176852957152646,"support":815}},"roc_auc":0.9849355006407017,"loss":0.5916195691169793,"support":815,"weighted_average":{"precision":0.9179260647921488,"recall":0.9177914110429448,"f1-score":0.9176852957152646},"class_names":["Black Rot","Black Scab","Cedar Rust","Healthy"]},"float32":{"confusion_matrix":[[213,5,5,3],[3,204,8,12],[6,8,166,7],[4,6,2,163]],"classification_report":{"0":{"precision":0.9424778761061947,"recall":0.9424778761061947,"f1-score":0.9424778761061947,"support":226},"1":{"precision":0.9147982062780269,"recall":0.8986784140969163,"f1-score":0.9066666666666667,"support":227},"2":{"precision":0.9171270718232044,"recall":0.8877005347593583,"f1-score":0.9021739130434782,"support":187},"3":{"precision":0.8810810810810811,"recall":0.9314285714285714,"f1-score":0.9055555555555554,"support":175},"accuracy":0.9153374233128835,"macro avg":{"precision":0.9138710588221267,"recall":0.9150713490977602,"f1-score":0.9142185028429738,"support":815},"weighted avg":{"precision":0.9157682753929332,"recall":0.9153374233128835,"f1-score":0.9153277022020686,"support":815}},"roc_auc":0.9869932672798882,"loss":0.32585382602736696,"support":815,"weighted_average":{"precision":0.9157682753929332,"recall":0.9153374233128835,"f1-score":0.9153277022020686},"class_names":["Black Rot","Black Scab","Cedar Rust","Healthy"]}}}